annotation_id,question_id,prompt_id,split,question_type,difficulty,fact_type,label,binary_label,span_text,token_count,token_start_position,token_end_position,mean_token_nll,mean_token_entropy,max_token_entropy,mean_top2_margin,min_top2_margin,one_minus_mean_top2_margin,one_minus_min_top2_margin,mean_spilled_energy_delta,negative_mean_spilled_energy_delta,mean_spilled_energy_abs_delta,max_spilled_energy_abs_delta,mean_selected_step_energy_gap,max_selected_step_energy_gap,mean_spilled_probability_mass_after_top1,mean_spilled_probability_mass_after_top2,mean_token_logprob,mean_token_energy,mean_marginal_energy
ann_full100_seed_q_0004_001,q_0004,p_0004,dev,top_country_month,medium,month,correct_key_fact,0,April 2011,6,5,11,1.3e-05,0.000166,0.000943,0.999983,0.999901,1.7e-05,9.9e-05,-0.809085,0.809085,3.475753,10.604513,1.3e-05,7.4e-05,1.3e-05,9e-06,-1.3e-05,-34,-33.190915
ann_full100_seed_q_0004_002,q_0004,p_0004,dev,top_country_month,medium,country,hallucinated_key_fact,1,Japan,1,19,20,0.692191,1.133532,1.133532,0.110705,0.110705,0.889295,0.889295,1.404308,-1.404308,1.404308,1.404308,0.692192,0.692192,0.499521,0.109748,-0.692191,-24.875,-26.279308
ann_full100_seed_q_0004_003,q_0004,p_0004,dev,top_country_month,medium,currency_amount,hallucinated_key_fact,1,"GBP 4,871.83",10,27,37,0.090725,0.111085,0.899114,0.904046,0.119445,0.095954,0.880555,-0.103398,0.103398,1.836596,6.075016,0.090725,0.866209,0.050063,0.004173,-0.090725,-30.6125,-30.509102
ann_full100_seed_q_0005_001,q_0005,p_0005,test,top_country_month,medium,month,correct_key_fact,0,May 2011,6,8,14,1.3e-05,0.000164,0.000861,0.999984,0.999914,1.6e-05,8.6e-05,-0.814864,0.814864,3.481531,9.889191,1.2e-05,6.7e-05,1.3e-05,9e-06,-1.3e-05,-33.875,-33.060136
ann_full100_seed_q_0005_002,q_0005,p_0005,test,top_country_month,medium,country,hallucinated_key_fact,1,Spain,1,22,23,1.090565,1.679479,1.679479,0,0,1,1,1.978729,-1.978729,1.978729,1.978729,1.090567,1.090567,0.663973,0.327947,-1.090565,-24.25,-26.228729
ann_full100_seed_q_0005_003,q_0005,p_0005,test,top_country_month,medium,country,hallucinated_key_fact,1,Spain,1,29,30,0.00062,0.006698,0.006698,0.999119,0.999119,0.000881,0.000881,-1.702442,1.702442,1.702442,1.702442,0.00062,0.00062,0.00062,0.000359,-0.00062,-26.875,-25.172558
ann_full100_seed_q_0005_004,q_0005,p_0005,test,top_country_month,medium,currency_amount,hallucinated_key_fact,1,GBP 3257.60,9,32,41,0.03334,0.112264,0.715582,0.944632,0.608193,0.055368,0.391807,0.083379,-0.083379,2.091374,4.250019,0.03334,0.244781,0.030211,0.005055,-0.03334,-28.083333,-28.166712
ann_full100_seed_q_0009_001,q_0009,p_0009,dev,top_country_month,medium,month,correct_key_fact,0,September 2011,6,5,11,1e-05,0.000142,0.000761,0.999987,0.999931,1.3e-05,6.9e-05,-0.830414,0.830414,4.12208,9.607485,1e-05,5.7e-05,1e-05,8e-06,-1e-05,-33.833333,-33.00292
ann_full100_seed_q_0009_002,q_0009,p_0009,dev,top_country_month,medium,country,hallucinated_key_fact,1,France,1,18,19,2.37568,1.820861,1.820861,0.441946,0.441946,0.558054,0.558054,5.590794,-5.590794,5.590794,5.590794,2.375687,2.375687,0.465102,0.372151,-2.37568,-20.375,-25.965794
ann_full100_seed_q_0009_003,q_0009,p_0009,dev,top_country_month,medium,currency_amount,hallucinated_key_fact,1,"23,198.87 GBP",10,28,38,0.07466,0.19613,1.051162,0.888043,0.367126,0.111957,0.632874,-0.169636,0.169636,3.698653,10.56698,0.07466,0.462721,0.063367,0.014778,-0.07466,-30.0625,-29.892864
ann_full100_seed_q_0009_004,q_0009,p_0009,dev,top_country_month,medium,ranking,hallucinated_key_fact,1,ranking is **second**,5,41,46,0.501568,1.08688,2.008886,0.554543,0.150806,0.445457,0.849194,0.765882,-0.765882,1.874519,3.916883,0.501572,1.459017,0.298925,0.152394,-0.501568,-23.425,-24.190882
ann_full100_seed_q_0010_001,q_0010,p_0010,test,top_country_month,medium,month,correct_key_fact,0,October 2011,6,8,14,1.5e-05,0.00019,0.001006,0.999978,0.999884,2.2e-05,0.000116,-0.710462,0.710462,3.627131,9.762783,1.5e-05,8e-05,1.5e-05,8e-06,-1.5e-05,-33.645833,-32.935371
ann_full100_seed_q_0010_002,q_0010,p_0010,test,top_country_month,medium,country,hallucinated_key_fact,1,Switzerland,2,22,24,0.142192,0.422276,0.843056,0.79224,0.584648,0.20776,0.415352,-0.321851,0.321851,2.946973,3.268824,0.142193,0.284264,0.123776,0.039793,-0.142192,-27.4375,-27.115649
ann_full100_seed_q_0010_003,q_0010,p_0010,test,top_country_month,medium,malformed_number,hallucinated_key_fact,1,"GBP 80,19.53",10,31,41,0.151796,0.133254,0.583589,0.911273,0.462062,0.088727,0.537938,-0.101201,0.101201,3.303853,6.106499,0.151796,1.313381,0.045923,0.003119,-0.151796,-29.45,-29.348799
ann_full100_seed_q_0014_001,q_0014,p_0014,dev,top_country_month,easy,month,correct_key_fact,0,June 2011,6,8,14,8e-06,0.000107,0.000576,0.999989,0.999941,1.1e-05,5.9e-05,-0.747755,0.747755,3.039421,8.48653,8e-06,4.4e-05,8e-06,5e-06,-8e-06,-34.354167,-33.606412
ann_full100_seed_q_0014_002,q_0014,p_0014,dev,top_country_month,easy,country,hallucinated_key_fact,1,Norway,2,16,18,0.108211,0.353604,0.703085,0.832627,0.665667,0.167373,0.334333,-0.136618,0.136618,1.113039,1.249657,0.108212,0.21608,0.097335,0.027298,-0.108211,-25.625,-25.488382
ann_full100_seed_q_0014_003,q_0014,p_0014,dev,top_country_month,easy,malformed_number,hallucinated_key_fact,1,"GBP 58,86.86",10,24,34,0.127051,0.139592,1.027896,0.909675,0.266288,0.090325,0.733712,0.099968,-0.099968,2.602678,6.963936,0.127051,1.181898,0.051315,0.012305,-0.127051,-29.5875,-29.687468
ann_full100_seed_q_0014_004,q_0014,p_0014,dev,top_country_month,easy,ranking,hallucinated_key_fact,1,ranking is **1**,5,36,41,0.717526,1.607359,2.399124,0.307711,0.033179,0.692289,0.966821,1.285455,-1.285455,1.319124,2.227032,0.717534,1.264572,0.473947,0.255606,-0.717526,-22.225,-23.510455
ann_full100_draft_q_0020_001,q_0020,p_0020,dev,top_product_month,medium,month,correct_key_fact,0,March 2011,6,9,15,1.6e-05,0.000197,0.001089,0.999979,0.99988,2.1e-05,0.00012,-0.489124,0.489124,2.780792,7.80975,1.5e-05,8.8e-05,1.6e-05,1e-05,-1.6e-05,-33.729167,-33.240042
ann_full100_draft_q_0020_002,q_0020,p_0020,dev,top_product_month,medium,product_name,hallucinated_key_fact,1,JUMBO BAG STRAWBERRY,9,17,26,0.144431,0.257493,1.158525,0.84033,0,0.15967,1,0.334543,-0.334543,5.1101,9.457428,0.144432,0.917572,0.102058,0.044446,-0.144431,-28.555556,-28.890098
ann_full100_draft_q_0020_003,q_0020,p_0020,dev,top_product_month,medium,product_stock_code,hallucinated_key_fact,1,85099F,6,31,37,3.1e-05,0.000353,0.000988,0.999942,0.999823,5.8e-05,0.000177,-1.383849,1.383849,3.300515,5.24992,3.1e-05,9.2e-05,3.1e-05,4e-06,-3.1e-05,-33.666667,-32.282818
ann_full100_draft_q_0020_004,q_0020,p_0020,dev,top_product_month,medium,currency_amount,hallucinated_key_fact,1,5853.80 GBP,8,44,52,0.098329,0.109338,0.789823,0.879666,0.061426,0.120334,0.938574,-0.313739,0.313739,3.34736,7.125,0.098329,0.773624,0.061275,0.002215,-0.098329,-30.5,-30.186261
ann_full100_draft_q_0020_005,q_0020,p_0020,dev,top_product_month,medium,ranking,hallucinated_key_fact,1,ranking is second,3,55,58,0.401517,1.029386,1.275968,0.525166,0.051526,0.474834,0.948474,0.732262,-0.732262,0.952878,1.324377,0.401521,0.824377,0.302524,0.130214,-0.401517,-22.833333,-23.565595
ann_full100_draft_q_0033_001,q_0033,p_0033,dev,country_comparison_month,medium,month,correct_key_fact,0,April 2011,6,1,7,4.4e-05,0.000511,0.002987,0.999944,0.999674,5.59999999999e-05,0.000326,2e-06,-2e-06,3.291664,7.624994,4.5e-05,0.000261,4.4e-05,3.3e-05,-4.4e-05,-34.708333,-34.708336
ann_full100_draft_q_0033_002,q_0033,p_0033,dev,country_comparison_month,medium,country,hallucinated_key_fact,1,France,1,9,10,0.899285,0.687115,0.687115,0.185118,0.185118,0.814882,0.814882,-1.26095,1.26095,1.26095,1.26095,0.899284,0.899284,0.408021,0.001161,-0.899285,-27,-25.73905
ann_full100_draft_q_0033_003,q_0033,p_0033,dev,country_comparison_month,medium,comparison_direction,hallucinated_key_fact,1,generated more net revenue,4,11,15,0.006813,0.041353,0.139906,0.989002,0.959883,0.010998,0.040117,-0.679804,0.679804,5.055367,10.619989,0.006814,0.024649,0.006737,0.002476,-0.006813,-28.65625,-27.976446
ann_full100_draft_q_0033_004,q_0033,p_0033,dev,country_comparison_month,medium,currency_amount,correct_key_fact,0,4195.21 GBP,8,23,31,0.033736,0.131612,0.626166,0.946192,0.751464,0.053808,0.248536,-0.142789,0.142789,1.963725,3.250004,0.033736,0.174356,0.031715,0.009623,-0.033736,-28.9375,-28.794711
ann_full100_draft_q_0033_005,q_0033,p_0033,dev,country_comparison_month,medium,currency_amount,correct_key_fact,0,11963.37 GBP,9,40,49,0.000565,0.003863,0.030373,0.998896,0.990702,0.001104,0.009298,-0.481716,0.481716,2.342844,8.090248,0.000565,0.0047,0.000564,2.3e-05,-0.000565,-30.361111,-29.879396
ann_full100_draft_q_0033_006,q_0033,p_0033,dev,country_comparison_month,medium,currency_amount,hallucinated_key_fact,1,-1334.40 GBP,9,58,67,0.114456,0.312881,2.274654,0.891366,0.257694,0.108634,0.742306,0.324939,-0.324939,2.063765,4.125063,0.114459,0.897326,0.079863,0.051092,-0.114456,-26.027778,-26.352716
ann_full100_draft_q_0033_007,q_0033,p_0033,dev,country_comparison_month,medium,currency_amount,hallucinated_key_fact,1,-352.17 GBP,8,83,91,0.001527,0.011624,0.083709,0.997712,0.982815,0.002288,0.017185,-0.258627,0.258627,2.852567,7.94486,0.001527,0.011374,0.001519,0.000751,-0.001527,-29,-28.741373
ann_full100_draft_q_0033_008,q_0033,p_0033,dev,country_comparison_month,medium,currency_amount,hallucinated_key_fact,1,-1334.40 GBP,9,96,105,0.13591,0.446575,1.882702,0.83798,0.327797,0.16202,0.672203,0.316312,-0.316312,1.773035,4.000357,0.135915,0.656704,0.109707,0.057394,-0.13591,-24.791667,-25.107979
ann_full100_draft_q_0034_001,q_0034,p_0034,test,country_comparison_month,medium,country,hallucinated_key_fact,1,France,1,0,1,1.434414,1.009174,1.009174,0.333289,0.333289,0.666711,0.666711,-1.732981,1.732981,1.732981,1.732981,1.434414,1.434414,0.428456,0.190201,-1.434414,-26.25,-24.517019
ann_full100_draft_q_0034_002,q_0034,p_0034,test,country_comparison_month,medium,comparison_direction,hallucinated_key_fact,1,generated more net revenue,4,1,5,0.00755,0.057386,0.127141,0.989628,0.97728,0.010372,0.02272,0.05134,-0.05134,5.205251,10.307821,0.00755,0.017019,0.0075,0.004628,-0.00755,-27.96875,-28.02009
ann_full100_draft_q_0034_003,q_0034,p_0034,test,country_comparison_month,medium,currency_amount,correct_key_fact,0,17518.68 GBP,9,6,15,0.040389,0.116438,0.593508,0.931577,0.507229,0.068423,0.492771,0.084802,-0.084802,4.457762,8.589693,0.04039,0.286266,0.036121,0.00382,-0.040389,-29.972222,-30.057024
ann_full100_draft_q_0034_004,q_0034,p_0034,test,country_comparison_month,medium,currency_amount,correct_key_fact,0,25554.85 GBP,9,19,28,5.3e-05,0.000529,0.003648,0.999902,0.999221,9.8e-05,0.000779,-0.551837,0.551837,2.579619,9.716967,5.3e-05,0.000399,5.3e-05,8e-06,-5.3e-05,-32.416667,-31.86483
ann_full100_draft_q_0034_005,q_0034,p_0034,test,country_comparison_month,medium,currency_amount,hallucinated_key_fact,1,-87.80 GBP,7,37,44,0.349843,0.366288,1.662088,0.852105,0.39769,0.147895,0.60231,0.287535,-0.287535,2.541339,4.623629,0.349846,2.169609,0.105306,0.062718,-0.349843,-24.678571,-24.966106
ann_full100_draft_q_0034_006,q_0034,p_0034,test,country_comparison_month,medium,unsupported_business_claim,hallucinated_key_fact,1,The Netherlands and United Kingdom have the lowest net revenues,10,45,55,0.680735,1.168013,2.382447,0.436818,0,0.563182,1,0.598905,-0.598905,2.19745,6.997738,0.680745,1.521818,0.361755,0.160328,-0.680735,-22.3375,-22.936405
ann_full100_draft_q_0053_001,q_0053,p_0053,dev,monthly_revenue_change,hard,month,correct_key_fact,0,April 2011,6,4,10,0.027728,0.090975,0.543176,0.955325,0.732318,0.044675,0.267682,0.563148,-0.563148,3.270264,4.75,0.027728,0.166128,0.02555,0.006425,-0.027728,-31.854167,-32.417315
ann_full100_draft_q_0053_002,q_0053,p_0053,dev,monthly_revenue_change,hard,currency_amount,correct_key_fact,0,"492,367.84 GBP",11,12,23,0.030863,0.079201,0.800549,0.954194,0.513074,0.045806,0.486926,0.061618,-0.061618,3.142995,5.875347,0.030863,0.329756,0.02642,0.007034,-0.030863,-31.920455,-31.982072
ann_full100_draft_q_0053_003,q_0053,p_0053,dev,monthly_revenue_change,hard,month,correct_key_fact,0,May 2011,6,26,32,7.3e-05,0.000765,0.003862,0.999884,0.999386,0.000116,0.000614,-0.819034,0.819034,3.527368,6.039591,7.3e-05,0.000383,7.3e-05,3.1e-05,-7.3e-05,-31.708333,-30.889299
ann_full100_draft_q_0053_004,q_0053,p_0053,dev,monthly_revenue_change,hard,currency_amount,correct_key_fact,0,"722,094.10 GBP",11,36,47,2.2e-05,0.000253,0.00128,0.999961,0.999769,3.9e-05,0.000231,-0.81443,0.81443,3.518978,10.458956,2.2e-05,0.000122,2.2e-05,5e-06,-2.2e-05,-34.602273,-33.787842
ann_full100_draft_q_0053_005,q_0053,p_0053,dev,monthly_revenue_change,hard,currency_amount,correct_key_fact,0,"229,726.26 GBP",11,54,65,0.012288,0.060767,0.44379,0.981244,0.877578,0.018756,0.122422,-0.132169,0.132169,2.905131,5.000368,0.012288,0.091045,0.011863,0.004971,-0.012288,-27.909091,-27.776922
ann_full100_draft_q_0053_006,q_0053,p_0053,dev,monthly_revenue_change,hard,percentage,hallucinated_key_fact,1,48.97%,6,72,78,1.270152,1.437812,2.421487,0.36658,0,0.63342,1,2.112377,-2.112377,4.670494,9.279318,1.270172,2.457798,0.514441,0.395462,-1.270152,-21.333333,-23.445711
ann_full100_draft_q_0059_001,q_0059,p_0059,test,monthly_revenue_change,hard,month,correct_key_fact,0,November 2011,6,4,10,0.034535,0.116359,0.694885,0.952566,0.716005,0.047434,0.283995,0.241384,-0.241384,3.467058,8.427025,0.034534,0.206881,0.031202,0.014969,-0.034535,-31.041667,-31.28305
ann_full100_draft_q_0059_002,q_0059,p_0059,test,monthly_revenue_change,hard,currency_amount,hallucinated_key_fact,1,"145,614.50 GBP",11,12,23,0.100644,0.140795,0.689185,0.875128,0.12431,0.124872,0.87569,-0.178247,0.178247,3.792766,8.062737,0.100644,0.826284,0.063426,0.00198,-0.100644,-28.795455,-28.617208
ann_full100_draft_q_0059_003,q_0059,p_0059,test,monthly_revenue_change,hard,percentage,hallucinated_key_fact,1,29.75%,6,28,34,1.525353,1.663476,2.601305,0.374412,0,0.625588,1,2.22367,-2.22367,4.859459,7.50061,1.525368,2.819036,0.54124,0.456892,-1.525353,-22.229167,-24.452837
ann_full100_draft_q_0059_004,q_0059,p_0059,test,monthly_revenue_change,hard,comparison_direction,correct_key_fact,0,increase,1,35,36,0.124101,0.469527,0.469527,0.790192,0.790192,0.209808,0.209808,-0.180164,0.180164,0.180164,0.180164,0.124102,0.124102,0.11671,0.023611,-0.124101,-26,-25.819836
ann_full100_draft_q_0059_005,q_0059,p_0059,test,monthly_revenue_change,hard,month,correct_key_fact,0,October 2011,6,37,43,0.035555,0.12187,0.693932,0.950895,0.715127,0.049105,0.284873,0.164621,-0.164621,2.587117,4.8925,0.035556,0.208107,0.032183,0.015261,-0.035555,-28.729167,-28.893788
ann_full100_draft_q_0059_006,q_0059,p_0059,test,monthly_revenue_change,hard,currency_amount,hallucinated_key_fact,1,"106,936.83 GBP",11,45,56,0.087154,0.110851,0.705109,0.898304,0.123969,0.101696,0.876031,-0.386458,0.386458,2.659664,7.170965,0.087154,0.829035,0.051387,0.001079,-0.087154,-28.727273,-28.340815
ann_full100_draft_q_0059_007,q_0059,p_0059,test,monthly_revenue_change,hard,currency_amount,hallucinated_key_fact,1,"38,677.67 GBP",10,62,72,0.02329,0.10278,0.712739,0.969312,0.759434,0.030688,0.240566,0.030239,-0.030239,2.124364,4.002253,0.023291,0.189537,0.021582,0.012476,-0.02329,-25.45,-25.480239
ann_full100_draft_q_0063_001,q_0063,p_0063,dev,top3_products_month,medium,month,correct_key_fact,0,March 2011,6,10,16,1.3e-05,0.000167,0.000863,0.999982,0.999903,1.8e-05,9.7e-05,-0.837292,0.837292,3.587292,8.523758,1.3e-05,6.9e-05,1.3e-05,8e-06,-1.3e-05,-33.583333,-32.746042
ann_full100_draft_q_0063_002,q_0063,p_0063,dev,top3_products_month,medium,ranking,hallucinated_key_fact,1,1.,2,19,21,0.097707,0.266344,0.528806,0.830032,0.660801,0.169968,0.339199,-2.396714,2.396714,2.897115,5.293829,0.097707,0.195013,0.088788,0.007609,-0.097707,-27.375,-24.978286
ann_full100_draft_q_0063_003,q_0063,p_0063,dev,top3_products_month,medium,product_name,hallucinated_key_fact,1,JUMBO BAG STRAWBERRY,9,22,31,0.095953,0.198348,1.627005,0.901679,0.170925,0.098321,0.829075,0.355112,-0.355112,5.200733,9.471533,0.095954,0.83379,0.06611,0.0339,-0.095953,-28.791667,-29.146779
ann_full100_draft_q_0063_004,q_0063,p_0063,dev,top3_products_month,medium,product_stock_code,hallucinated_key_fact,1,85099F,6,33,39,0.186019,0.301488,1.713492,0.835009,0.04439,0.164991,0.95561,0.514447,-0.514447,4.610561,8.000023,0.18602,1.098465,0.106624,0.048257,-0.186019,-29.541667,-30.056114
ann_full100_draft_q_0063_005,q_0063,p_0063,dev,top3_products_month,medium,currency_amount,hallucinated_key_fact,1,GBP 5853.80,9,45,54,0.134355,0.233852,1.192655,0.817519,0.185186,0.182481,0.814814,0.002198,-0.002198,3.399326,5.750031,0.134355,0.628157,0.103308,0.024136,-0.134355,-28.722222,-28.724421
ann_full100_draft_q_0063_006,q_0063,p_0063,dev,top3_products_month,medium,ranking,hallucinated_key_fact,1,2.,2,56,58,1.2e-05,0.000168,0.000326,0.999983,0.999967,1.7e-05,3.29999999999e-05,-1.562481,1.562481,1.562481,2.249962,1.1e-05,2.3e-05,1.2e-05,8e-06,-1.2e-05,-29.5625,-28.000019
ann_full100_draft_q_0063_007,q_0063,p_0063,dev,top3_products_month,medium,product_name,hallucinated_key_fact,1,JUMBO BAG PINK POLKADOT,11,59,70,0.055602,0.081866,0.824189,0.917797,0.121596,0.082203,0.878404,0.501212,-0.501212,3.36249,7.737116,0.055602,0.598364,0.042133,0.002063,-0.055602,-30.818182,-31.319394
ann_full100_draft_q_0063_008,q_0063,p_0063,dev,top3_products_month,medium,product_stock_code,hallucinated_key_fact,1,22386,5,72,77,6.9e-05,0.000637,0.003111,0.999863,0.999323,0.000137,0.000677,-1.174645,1.174645,3.374645,7.623569,7e-05,0.000341,6.9e-05,2e-06,-6.9e-05,-33.1,-31.925355
ann_full100_draft_q_0063_009,q_0063,p_0063,dev,top3_products_month,medium,currency_amount,hallucinated_key_fact,1,GBP 5079.29,9,83,92,3.3e-05,0.000359,0.002057,0.99994,0.999617,5.99999999999e-05,0.000383,-0.361064,0.361064,2.722179,4.874811,3.3e-05,0.000204,3.3e-05,6e-06,-3.3e-05,-32.25,-31.888936
ann_full100_draft_q_0063_010,q_0063,p_0063,dev,top3_products_month,medium,ranking,hallucinated_key_fact,1,3.,2,94,96,2e-06,3.1e-05,4.3e-05,0.999998,0.999996,1.99999999995e-06,4e-06,-1.99999,1.99999,2.25001,4.25,2e-06,4e-06,2e-06,1e-06,-2e-06,-30.375,-28.37501
ann_full100_draft_q_0063_011,q_0063,p_0063,dev,top3_products_month,medium,product_name,hallucinated_key_fact,1,VINTAGE UNION JACK BUNTING,8,97,105,0.12674,0.104671,0.818009,0.90397,0.235881,0.09603,0.764119,0.59403,-0.59403,1.750085,5.250027,0.12674,1.011677,0.050344,0.004658,-0.12674,-30.265625,-30.859655
ann_full100_draft_q_0063_012,q_0063,p_0063,dev,top3_products_month,medium,product_stock_code,hallucinated_key_fact,1,21621,5,107,112,5e-06,6.1e-05,0.00026,0.99999,0.999957,9.99999999995e-06,4.3e-05,-1.44982,1.44982,3.64982,5.7491,5e-06,2.3e-05,5e-06,0,-5e-06,-34.55,-33.10018
ann_full100_draft_q_0063_013,q_0063,p_0063,dev,top3_products_month,medium,currency_amount,hallucinated_key_fact,1,GBP 5214.33,9,118,127,7e-06,8.8e-05,0.000313,0.999989,0.999956,1.1e-05,4.4e-05,-1.124383,1.124383,3.679947,7.869497,7e-06,2.7e-05,7e-06,2e-06,-7e-06,-33.611111,-32.486728
ann_full100_draft_q_0063_014,q_0063,p_0063,dev,top3_products_month,medium,unsupported_business_claim,hallucinated_key_fact,1,The rankings are based on the provided net_revenue_gbp values,13,129,142,0.51127,0.963248,2.108642,0.546371,0.038136,0.453629,0.961864,0.47199,-0.47199,4.067078,10.601341,0.511276,1.250324,0.299002,0.144375,-0.51127,-24.451923,-24.923913
ann_full100_draft_q_0077_001,q_0077,p_0077,test,product_revenue_share_month,hard,month,correct_key_fact,0,May 2011,6,7,13,1.8e-05,0.000228,0.001254,0.999976,0.999866,2.4e-05,0.000134,-1.195275,1.195275,4.77861,12.421659,1.8e-05,0.000103,1.8e-05,1.3e-05,-1.8e-05,-34.791667,-33.596391
ann_full100_draft_q_0077_002,q_0077,p_0077,test,product_revenue_share_month,hard,product_name,hallucinated_key_fact,1,WHITE HANGING HEART T-LIGHT HOLDER,10,18,28,0.057335,0.173535,1.709306,0.939909,0.403216,0.060091,0.596784,0.427069,-0.427069,2.87301,5.750185,0.057336,0.570713,0.043752,0.027412,-0.057335,-28.875,-29.302069
ann_full100_draft_q_0077_003,q_0077,p_0077,test,product_revenue_share_month,hard,percentage,hallucinated_key_fact,1,11.78%,6,31,37,0.956325,1.406269,2.278525,0.492736,0.042609,0.507264,0.957391,1.644559,-1.644559,3.373231,8.027103,0.956337,2.558208,0.413451,0.319638,-0.956325,-22.208333,-23.852893
ann_full100_draft_q_0077_004,q_0077,p_0077,test,product_revenue_share_month,hard,currency_amount,hallucinated_key_fact,1,"GBP 11,172.17",11,52,63,0.08612,0.111142,0.748338,0.884276,0.062012,0.115724,0.937988,0.278041,-0.278041,3.518008,6.124731,0.08612,0.764135,0.058198,0.000672,-0.08612,-30.363636,-30.641677
ann_full100_draft_q_0077_005,q_0077,p_0077,test,product_revenue_share_month,hard,currency_amount,correct_key_fact,0,"GBP 731,051.91",12,71,83,3.9e-05,0.00044,0.002092,0.999934,0.999697,6.6e-05,0.000303,-0.659142,0.659142,2.22165,7.284986,3.9e-05,0.000195,3.9e-05,1.2e-05,-3.9e-05,-33.197917,-32.538774
ann_full100_draft_q_0077_006,q_0077,p_0077,test,product_revenue_share_month,hard,percentage,hallucinated_key_fact,1,11.78%,6,88,94,0.022196,0.099595,0.270201,0.962096,0.864554,0.037904,0.135446,0.513245,-0.513245,0.88206,2.750019,0.022196,0.070345,0.021565,0.005226,-0.022196,-26.729167,-27.242412
ann_full100_draft_q_0093_001,q_0093,p_0093,test,return_impact_month,hard,month,correct_key_fact,0,April 2011,6,1,7,0.000253,0.002064,0.012372,0.999526,0.997159,0.000474,0.002841,0.166667,-0.166667,3.791666,7.874996,0.000253,0.001518,0.000253,3.2e-05,-0.000253,-35.479167,-35.645834
ann_full100_draft_q_0093_002,q_0093,p_0093,test,return_impact_month,hard,currency_amount,correct_key_fact,0,"£44,600.65",10,17,27,0.260367,0.350166,2.147708,0.826508,0.089517,0.173492,0.910483,0.38561,-0.38561,4.239864,9.375019,0.260367,1.320902,0.124683,0.075874,-0.260367,-28.55,-28.93561
ann_full100_draft_q_0093_003,q_0093,p_0093,test,return_impact_month,hard,currency_amount,hallucinated_key_fact,1,"£44,600.65",10,35,45,0.119515,0.218738,0.765919,0.819513,0,0.180487,1,0.274692,-0.274692,3.553642,10.875954,0.119515,0.703983,0.094507,0.008526,-0.119515,-26.5125,-26.787192
ann_full100_draft_q_0015_001,q_0015,p_0015,test,top_country_month,easy,month,correct_key_fact,0,September 2011,6,8,14,7e-06,9.7e-05,0.000495,0.999991,0.999956,9.00000000004e-06,4.4e-05,-0.587304,0.587304,3.170638,7.77383,7e-06,3.6e-05,7e-06,5e-06,-7e-06,-33.875,-33.287696
ann_full100_draft_q_0015_002,q_0015,p_0015,test,top_country_month,easy,country,correct_key_fact,0,United Kingdom,2,16,18,0.083277,0.231769,0.462862,0.849701,0.699505,0.150299,0.300495,0.809443,-0.809443,4.565615,5.375057,0.083277,0.166496,0.076716,0.003132,-0.083277,-27.4375,-28.246943
ann_full100_draft_q_0015_003,q_0015,p_0015,test,top_country_month,easy,currency_amount,hallucinated_key_fact,1,"£8,601,043.66",13,24,37,0.179652,0.303162,1.344978,0.795591,0.044345,0.204409,0.955655,0.123154,-0.123154,1.817695,4.37505,0.179653,1.099466,0.122499,0.040588,-0.179652,-28.548077,-28.671231
ann_full100_draft_q_0021_001,q_0021,p_0021,test,top_product_month,medium,month,correct_key_fact,0,April 2011,6,9,15,1.2e-05,0.000157,0.000858,0.999984,0.999911,1.6e-05,8.9e-05,-0.56025,0.56025,3.143584,7.861506,1.2e-05,6.7e-05,1.2e-05,8e-06,-1.2e-05,-33.979167,-33.418917
ann_full100_draft_q_0021_002,q_0021,p_0021,test,top_product_month,medium,product_name,hallucinated_key_fact,1,WOODEN UNION JACK BUNTING,8,17,25,0.149553,0.227708,1.669722,0.882698,0.087502,0.117302,0.912498,0.53849,-0.53849,2.278761,5.336102,0.149554,1.177414,0.077912,0.038523,-0.149553,-28.0625,-28.60099
ann_full100_draft_q_0021_003,q_0021,p_0021,test,top_product_month,medium,currency_amount,hallucinated_key_fact,1,GBP 4173.18,9,31,40,0.235407,0.185827,0.914389,0.839617,0.124347,0.160383,0.875653,0.100835,-0.100835,3.679302,10.554121,0.235407,1.532028,0.086979,0.013575,-0.235407,-30.430556,-30.531391
ann_full100_draft_q_0021_004,q_0021,p_0021,test,top_product_month,medium,ranking,hallucinated_key_fact,1,ranked 2nd,4,42,46,0.532575,0.948322,1.429705,0.572992,0.217579,0.427008,0.782421,0.493241,-0.493241,2.325316,5.003195,0.532578,1.383921,0.28694,0.146872,-0.532575,-23.5,-23.993241
ann_full100_draft_q_0021_005,q_0021,p_0021,test,top_product_month,medium,percentage,unsupported_claim,1,1.3% increase,5,49,54,1.216044,1.905551,2.33238,0.25132,0,0.74868,1,1.752694,-1.752694,2.287894,4.545618,1.216064,2.161999,0.626602,0.504523,-1.216044,-20.9,-22.652694
ann_full100_draft_q_0025_001,q_0025,p_0025,dev,top_product_month,medium,month,correct_key_fact,0,August 2011,6,9,15,5e-06,6.7e-05,0.000332,0.999993,0.999966,6.99999999998e-06,3.4e-05,-0.899859,0.899859,3.441526,8.149158,4e-06,2.3e-05,5e-06,3e-06,-5e-06,-34.4375,-33.537641
ann_full100_draft_q_0025_002,q_0025,p_0025,dev,top_product_month,medium,product_name,hallucinated_key_fact,1,JUMBO BAG APPLES,7,17,24,0.227149,0.32383,1.17129,0.775717,0.158889,0.224283,0.841111,0.579775,-0.579775,7.134569,11.822924,0.227152,1.052076,0.129723,0.035163,-0.227149,-28.589286,-29.169061
ann_full100_draft_q_0025_003,q_0025,p_0025,dev,top_product_month,medium,product_stock_code,correct_key_fact,0,85099B,6,31,37,0.064731,0.10686,0.637859,0.892903,0.357922,0.107097,0.642078,-0.453053,0.453053,3.744752,6.218613,0.064731,0.388086,0.053658,0.000218,-0.064731,-32.395833,-31.942781
ann_full100_draft_q_0025_004,q_0025,p_0025,dev,top_product_month,medium,product_name,hallucinated_key_fact,1,JUMBO BAG APPLES,7,43,50,0.000552,0.004817,0.016054,0.999122,0.99685,0.000878,0.00315,-0.106696,0.106696,3.49959,5.498102,0.000552,0.001898,0.000551,0.000225,-0.000552,-30.928571,-30.821876
ann_full100_draft_q_0025_005,q_0025,p_0025,dev,top_product_month,medium,currency_amount,hallucinated_key_fact,1,"GBP 6,204.89",10,57,67,0.037151,0.094508,0.583099,0.938735,0.462079,0.061265,0.537921,-0.215401,0.215401,2.490471,7.85845,0.037152,0.313343,0.032618,0.00397,-0.037151,-30.2375,-30.022099
ann_full100_draft_q_0025_006,q_0025,p_0025,dev,top_product_month,medium,ranking,hallucinated_key_fact,1,ranked 2nd,4,70,74,0.544844,0.956578,1.388866,0.534201,0.230141,0.465799,0.769859,0.481708,-0.481708,2.184101,4.628826,0.544847,1.327791,0.298325,0.130851,-0.544844,-23.34375,-23.825458
ann_full100_draft_q_0038_001,q_0038,p_0038,dev,country_comparison_month,medium,month,correct_key_fact,0,September 2011,6,1,7,1.8e-05,0.000227,0.001295,0.999976,0.999861,2.4e-05,0.000139,-0.229165,0.229165,3.854165,7.749996,1.8e-05,0.000103,1.8e-05,1.2e-05,-1.8e-05,-35.583333,-35.354168
ann_full100_draft_q_0038_002,q_0038,p_0038,dev,country_comparison_month,medium,country,hallucinated_key_fact,1,Germany,1,8,9,0.700464,1.021541,1.021541,0.155216,0.155216,0.844784,0.844784,0.793505,-0.793505,0.793505,0.793505,0.700466,0.700466,0.503645,0.162505,-0.700464,-23.625,-24.418505
ann_full100_draft_q_0038_003,q_0038,p_0038,dev,country_comparison_month,medium,comparison_direction,hallucinated_key_fact,1,generated more net revenue,4,9,13,0.040308,0.167859,0.416346,0.930539,0.796775,0.069461,0.203225,0.042927,-0.042927,5.203436,10.321018,0.040308,0.115807,0.038461,0.007461,-0.040308,-27.71875,-27.761677
ann_full100_draft_q_0038_004,q_0038,p_0038,dev,country_comparison_month,medium,currency_amount,correct_key_fact,0,17708.56 GBP,9,14,23,0.04385,0.120121,0.569201,0.923429,0.50904,0.076571,0.49096,0.160961,-0.160961,3.523287,6.987043,0.04385,0.282701,0.039431,0.002291,-0.04385,-29.513889,-29.67485
ann_full100_draft_q_0038_005,q_0038,p_0038,dev,country_comparison_month,medium,currency_amount,correct_key_fact,0,23198.87 GBP,9,28,37,8.9e-05,0.000841,0.005421,0.999832,0.998736,0.000168,0.001264,-0.509449,0.509449,3.120565,7.960735,8.9e-05,0.000637,8.9e-05,1.1e-05,-8.9e-05,-32.083333,-31.573884
ann_full100_draft_q_0038_006,q_0038,p_0038,dev,country_comparison_month,medium,currency_amount,hallucinated_key_fact,1,"5,899.99 GBP",9,47,56,0.468528,0.97247,1.919234,0.578465,0.089053,0.421535,0.910947,0.106976,-0.106976,3.448047,6.069517,0.468535,1.019913,0.305131,0.188726,-0.468528,-23.083333,-23.190309
ann_full100_draft_q_0054_001,q_0054,p_0054,test,monthly_revenue_change,hard,month,correct_key_fact,0,May 2011,6,1,7,0.007782,0.033969,0.17642,0.984947,0.915654,0.015053,0.084346,0.361857,-0.361857,2.277539,4.375004,0.007782,0.043184,0.007627,0.000202,-0.007782,-32.625,-32.986857
ann_full100_draft_q_0054_002,q_0054,p_0054,test,monthly_revenue_change,hard,month,correct_key_fact,0,June 2011,6,8,14,7.8e-05,0.000751,0.004093,0.999853,0.999183,0.000147,0.000817,-0.520643,0.520643,2.31232,4.75,7.9e-05,0.000437,7.8e-05,1e-05,-7.8e-05,-33.229167,-32.708524
ann_full100_draft_q_0054_003,q_0054,p_0054,test,monthly_revenue_change,hard,comparison_direction,correct_key_fact,0,decreased,1,17,18,0.047409,0.269832,0.269832,0.93623,0.93623,0.06377,0.06377,0.752768,-0.752768,0.752768,0.752768,0.047409,0.047409,0.046302,0.028835,-0.047409,-25.75,-26.502768
ann_full100_draft_q_0054_004,q_0054,p_0054,test,monthly_revenue_change,hard,currency_amount,hallucinated_key_fact,1,"GBP 3,121.37",10,20,30,0.357541,0.897588,1.701759,0.568663,0.164878,0.431337,0.835122,0.395514,-0.395514,1.578641,4.380194,0.357545,0.869806,0.278704,0.126071,-0.357541,-21.875,-22.270514
ann_full100_draft_q_0054_005,q_0054,p_0054,test,monthly_revenue_change,hard,percentage,correct_key_fact,0,-4.14%,6,34,40,0.669988,0.997715,2.389055,0.584659,0.030293,0.415341,0.969707,1.243914,-1.243914,3.187435,8.378345,0.669999,2.363161,0.328676,0.242012,-0.669988,-22.5,-23.743914
ann_full100_draft_q_0054_006,q_0054,p_0054,test,monthly_revenue_change,hard,currency_amount,hallucinated_key_fact,1,"-GBP 3,121.37",11,48,59,0.174467,0.210522,1.329726,0.876305,0.319778,0.123695,0.680222,0.229262,-0.229262,2.341511,6.128096,0.174469,1.475813,0.074075,0.024456,-0.174467,-26.829545,-27.058808
ann_full100_draft_q_0054_007,q_0054,p_0054,test,monthly_revenue_change,hard,percentage,correct_key_fact,0,-4.14%,6,66,72,0.023949,0.096958,0.388045,0.958294,0.781052,0.041706,0.218948,0.251566,-0.251566,1.876864,4.755075,0.02395,0.119925,0.022767,0.003829,-0.023949,-27.020833,-27.272399
ann_full100_draft_q_0068_001,q_0068,p_0068,dev,top3_products_month,medium,month,correct_key_fact,0,August 2011,6,1,7,1.8e-05,0.000226,0.001317,0.999977,0.999868,2.3e-05,0.000132,-0.249528,0.249528,4.332862,8.247169,1.7e-05,0.000105,1.8e-05,1.3e-05,-1.8e-05,-35.583333,-35.333805
ann_full100_draft_q_0068_002,q_0068,p_0068,dev,top3_products_month,medium,ranking,hallucinated_key_fact,1,1.,2,19,21,0.110309,0.286937,0.56916,0.811223,0.623383,0.188777,0.376617,-2.075868,2.075868,3.201373,5.277241,0.11031,0.220114,0.099038,0.0093,-0.110309,-27.4375,-25.361632
ann_full100_draft_q_0068_003,q_0068,p_0068,dev,top3_products_month,medium,product_name,hallucinated_key_fact,1,JUMBO BAG PINK POLKADOT,11,22,33,0.057005,0.15635,1.361893,0.929824,0.335154,0.070176,0.664846,0.266822,-0.266822,5.187811,11.427509,0.057007,0.553844,0.045084,0.019991,-0.057005,-29.465909,-29.732731
ann_full100_draft_q_0068_004,q_0068,p_0068,dev,top3_products_month,medium,currency_amount,hallucinated_key_fact,1,"GBP 4,728.73",10,44,54,0.111947,0.178246,1.009561,0.847935,0,0.152065,1,0.028061,-0.028061,2.248811,7.297628,0.111947,0.693762,0.085022,0.01798,-0.111947,-28.575,-28.603061
ann_full100_draft_q_0068_005,q_0068,p_0068,dev,top3_products_month,medium,ranking,hallucinated_key_fact,1,2.,2,56,58,3e-06,5e-05,9.2e-05,0.999995,0.99999,5.00000000003e-06,9.99999999995e-06,-2.124988,2.124988,2.124988,2.5,3e-06,6e-06,3e-06,1e-06,-3e-06,-30.25,-28.125012
ann_full100_draft_q_0068_006,q_0068,p_0068,dev,top3_products_month,medium,product_name,hallucinated_key_fact,1,JUMBO BAG RED RETROSPOT,10,59,69,0.129909,0.17062,1.292083,0.889879,0.141707,0.110121,0.858293,0.775785,-0.775785,3.849269,9.000116,0.129911,1.166529,0.067105,0.024088,-0.129909,-29.75,-30.525785
ann_full100_draft_q_0068_007,q_0068,p_0068,dev,top3_products_month,medium,currency_amount,hallucinated_key_fact,1,"GBP 10,441.77",11,80,91,5.2e-05,0.000526,0.003192,0.999903,0.999316,9.7e-05,0.000684,-0.409042,0.409042,1.931791,6.749989,5.1e-05,0.000349,5.2e-05,6e-06,-5.2e-05,-32.227273,-31.818231
ann_full100_draft_q_0068_008,q_0068,p_0068,dev,top3_products_month,medium,ranking,hallucinated_key_fact,1,3.,2,93,95,2e-06,3.7e-05,5.5e-05,0.999997,0.999995,2.99999999998e-06,5.00000000003e-06,-1.999991,1.999991,2.000009,4,2e-06,4e-06,2e-06,1e-06,-2e-06,-30,-28.000009
ann_full100_draft_q_0068_009,q_0068,p_0068,dev,top3_products_month,medium,product_name,hallucinated_key_fact,1,SPOTTY BUNTING,6,96,102,0.018692,0.083066,0.466101,0.969257,0.8243,0.030743,0.1757,0.938302,-0.938302,1.936852,5.500055,0.018692,0.107576,0.017759,0.004776,-0.018692,-29.270833,-30.209135
ann_full100_draft_q_0068_010,q_0068,p_0068,dev,top3_products_month,medium,currency_amount,hallucinated_key_fact,1,"GBP 7,864.43",10,113,123,5e-06,7.2e-05,0.00022,0.999991,0.999969,9.00000000004e-06,3.1e-05,-0.899922,0.899922,2.574926,7.499252,5e-06,1.9e-05,5e-06,2e-06,-5e-06,-33.4375,-32.537578
ann_full100_draft_q_0082_001,q_0082,p_0082,test,product_revenue_share_month,hard,month,correct_key_fact,0,October 2011,6,4,10,0.01388,0.051265,0.30732,0.974093,0.844585,0.025907,0.155415,-0.061393,0.061393,5.228064,10.618376,0.01388,0.083263,0.013318,0.000728,-0.01388,-32.604167,-32.542774
ann_full100_draft_q_0082_002,q_0082,p_0082,test,product_revenue_share_month,hard,product_name,hallucinated_key_fact,1,JUMBO BAG RED RETROSPOT,10,11,21,0.316486,0.346881,2.646394,0.820333,0.023209,0.179667,0.976791,0.79244,-0.79244,5.33277,11.625696,0.316488,2.246954,0.122198,0.064728,-0.316486,-28.475,-29.26744
ann_full100_draft_q_0082_003,q_0082,p_0082,test,product_revenue_share_month,hard,percentage,hallucinated_key_fact,1,50.55%,6,24,30,1.015888,1.315073,2.227787,0.446322,0.045803,0.553678,0.954197,1.618321,-1.618321,3.253496,6.763968,1.0159,2.828259,0.415494,0.277309,-1.015888,-22.229167,-23.847487
ann_full100_draft_q_0082_004,q_0082,p_0082,test,product_revenue_share_month,hard,currency_amount,hallucinated_key_fact,1,GBP 9409.95,9,36,45,0.096199,0.284054,1.036281,0.85682,0.454459,0.14318,0.545541,0.098739,-0.098739,2.252975,8.112144,0.0962,0.39612,0.083412,0.023644,-0.096199,-27.138889,-27.237628
ann_full100_draft_q_0092_001,q_0092,p_0092,dev,return_impact_month,hard,month,correct_key_fact,0,March 2011,6,1,7,0.000343,0.002724,0.016324,0.999374,0.996246,0.000626,0.003754,0.187501,-0.187501,3.979166,7.874996,0.000343,0.002056,0.000342,5.9e-05,-0.000343,-35.125,-35.312501
ann_full100_draft_q_0092_002,q_0092,p_0092,dev,return_impact_month,hard,currency_amount,hallucinated_key_fact,1,"GBP 342,012.88",12,17,29,0.269498,0.428361,1.251666,0.753356,0.107128,0.246644,0.892872,0.357554,-0.357554,2.111738,4.500257,0.269499,1.313477,0.147153,0.047662,-0.269498,-27.239583,-27.597137
ann_full100_draft_q_0092_003,q_0092,p_0092,dev,return_impact_month,hard,currency_amount,correct_key_fact,0,"GBP 682,013.98",12,37,49,0.02274,0.057026,0.597431,0.960815,0.549207,0.039185,0.450793,-0.077631,0.077631,2.578108,7.828951,0.02274,0.261702,0.020118,0.001052,-0.02274,-28.520833,-28.443203
ann_full100_draft_q_0026_001,q_0026,p_0026,test,top_product_month,medium,month,correct_key_fact,0,September 2011,6,9,15,7e-06,0.000102,0.000547,0.999991,0.999949,9.00000000004e-06,5.1e-05,-0.69901,0.69901,3.32401,8.569061,7e-06,4e-05,7e-06,5e-06,-7e-06,-34.583333,-33.884323
ann_full100_draft_q_0026_002,q_0026,p_0026,test,top_product_month,medium,product_name,hallucinated_key_fact,1,JUMBO BAG RED RETROSPOT,10,18,28,0.066631,0.166694,1.653549,0.932326,0.32506,0.067674,0.67494,0.375747,-0.375747,3.949314,8.500204,0.066633,0.665085,0.0487,0.029726,-0.066631,-29.7875,-30.163247
ann_full100_draft_q_0026_003,q_0026,p_0026,test,top_product_month,medium,product_stock_code,hallucinated_key_fact,1,85099B,6,34,40,0.026937,0.071952,0.423919,0.950285,0.703591,0.049715,0.296409,-0.593436,0.593436,4.260103,6.75,0.026936,0.160671,0.024896,7.8e-05,-0.026937,-33.041667,-32.448231
ann_full100_draft_q_0026_004,q_0026,p_0026,test,top_product_month,medium,currency_amount,hallucinated_key_fact,1,GBP 8630.45,9,51,60,0.100881,0.19516,0.803494,0.841088,0.185322,0.158912,0.814678,-0.236503,0.236503,3.153176,8.600185,0.100881,0.523186,0.082855,0.006798,-0.100881,-30.583333,-30.346831
ann_full100_draft_q_0026_005,q_0026,p_0026,test,top_product_month,medium,currency_amount,hallucinated_key_fact,1,GBP 8880.17,9,71,80,0.000435,0.003509,0.023096,0.999218,0.994908,0.000782,0.005092,-0.363695,0.363695,4.780373,10.149254,0.000435,0.002914,0.000435,8.7e-05,-0.000435,-32.097222,-31.733528
ann_full100_draft_q_0026_006,q_0026,p_0026,test,top_product_month,medium,currency_amount,hallucinated_key_fact,1,-249.72,7,89,96,0.03473,0.107256,0.481239,0.937034,0.696718,0.062966,0.303282,-0.732449,0.732449,3.232468,8.074762,0.03473,0.170488,0.0324,0.001834,-0.03473,-29.857143,-29.124694
ann_full100_draft_q_0026_007,q_0026,p_0026,test,top_product_month,medium,currency_amount,hallucinated_key_fact,1,GBP 8630.45,9,104,113,0.015848,0.070452,0.338243,0.970974,0.86793,0.029026,0.13207,-0.042568,0.042568,2.057462,7.450157,0.015848,0.075584,0.015388,0.00175,-0.015848,-29.222222,-29.179654
ann_full100_draft_q_0039_001,q_0039,p_0039,test,country_comparison_month,medium,country,hallucinated_key_fact,1,France,1,0,1,1.508094,0.978986,0.978986,0.38031,0.38031,0.61969,0.61969,-1.483078,1.483078,1.483078,1.483078,1.508095,1.508095,0.398359,0.177027,-1.508094,-26,-24.516922
ann_full100_draft_q_0039_002,q_0039,p_0039,test,country_comparison_month,medium,comparison_direction,hallucinated_key_fact,1,generated more net revenue,4,1,5,0.007042,0.053703,0.126044,0.990131,0.976596,0.009869,0.023404,0.045382,-0.045382,5.335241,10.579718,0.007042,0.016922,0.006996,0.004122,-0.007042,-28.15625,-28.201632
ann_full100_draft_q_0039_003,q_0039,p_0039,test,country_comparison_month,medium,currency_amount,correct_key_fact,0,"25,017.64 GBP",10,6,16,0.02388,0.082932,0.467785,0.95813,0.669021,0.04187,0.330979,0.038101,-0.038101,3.687053,6.625,0.02388,0.18265,0.022256,0.002641,-0.02388,-30.225,-30.263101
ann_full100_draft_q_0039_004,q_0039,p_0039,test,country_comparison_month,medium,currency_amount,correct_key_fact,0,"30,604.27 GBP",10,20,30,1.3e-05,0.000176,0.000885,0.99998,0.999914,2e-05,8.6e-05,-0.427263,0.427263,3.627269,9.147697,1.3e-05,6.5e-05,1.3e-05,7e-06,-1.3e-05,-33.65,-33.222737
ann_full100_draft_q_0039_005,q_0039,p_0039,test,country_comparison_month,medium,currency_amount,hallucinated_key_fact,1,"-8,453.41 GBP",10,38,48,0.13934,0.183459,1.738634,0.905025,0.071381,0.094975,0.928619,0.07832,-0.07832,2.64778,5.368984,0.139341,1.381046,0.068964,0.042952,-0.13934,-27.925,-28.00332
ann_full100_draft_q_0039_006,q_0039,p_0039,test,country_comparison_month,medium,currency_amount,correct_key_fact,0,"5,586.83 GBP",9,56,65,0.091861,0.291525,0.922145,0.860091,0.449151,0.139909,0.550849,0.17195,-0.17195,3.164916,6.951891,0.091863,0.341726,0.080921,0.021932,-0.091861,-24.25,-24.42195
ann_full100_draft_q_0043_001,q_0043,p_0043,dev,country_comparison_month,medium,month,correct_key_fact,0,March 2011,6,1,7,5.4e-05,0.00059,0.003496,0.999922,0.999536,7.8e-05,0.000464,0.229167,-0.229167,3.604166,6.874998,5.4e-05,0.000324,5.4e-05,3.1e-05,-5.4e-05,-35.229167,-35.458334
ann_full100_draft_q_0043_002,q_0043,p_0043,dev,country_comparison_month,medium,country,correct_key_fact,0,Netherlands,1,9,10,0.072637,0.294628,0.294628,0.870489,0.870489,0.129511,0.129511,-0.219431,0.219431,0.219431,0.219431,0.072638,0.072638,0.070062,0.010613,-0.072637,-24.875,-24.655569
ann_full100_draft_q_0043_003,q_0043,p_0043,dev,country_comparison_month,medium,comparison_direction,correct_key_fact,0,generated more net revenue,4,10,14,0.045825,0.1656,0.453703,0.919869,0.728122,0.080131,0.271878,0.088306,-0.088306,5.050561,9.924511,0.045826,0.150814,0.043004,0.005876,-0.045825,-27.84375,-27.932056
ann_full100_draft_q_0043_004,q_0043,p_0043,dev,country_comparison_month,medium,currency_amount,hallucinated_key_fact,1,22416.49 GBP,9,20,29,0.32076,0.481059,1.837683,0.764003,0.11169,0.235997,0.88831,0.299514,-0.299514,2.369875,8.441664,0.320763,1.835943,0.154076,0.072156,-0.32076,-25.777778,-26.077292
ann_full100_draft_q_0043_005,q_0043,p_0043,dev,country_comparison_month,medium,country,correct_key_fact,0,EIRE,2,32,34,0.043381,0.201479,0.252531,0.924074,0.896719,0.075926,0.103281,0.351923,-0.351923,4.426895,4.778818,0.043382,0.057945,0.042352,0.008777,-0.043381,-25.5,-25.851923
ann_full100_draft_q_0058_001,q_0058,p_0058,dev,monthly_revenue_change,hard,month,correct_key_fact,0,September 2011,6,4,10,0.036798,0.114066,0.680794,0.943718,0.66276,0.056282,0.33724,0.81309,-0.81309,2.978684,4.875317,0.036798,0.220457,0.03303,0.009778,-0.036798,-31.041667,-31.854757
ann_full100_draft_q_0058_002,q_0058,p_0058,dev,monthly_revenue_change,hard,currency_amount,correct_key_fact,0,"£1,017,596.68",13,11,24,0.043111,0.101986,1.173179,0.952234,0.440396,0.047766,0.559604,0.139001,-0.139001,3.765121,7.974834,0.043112,0.528606,0.033997,0.020229,-0.043111,-31.663462,-31.802462
ann_full100_draft_q_0058_003,q_0058,p_0058,dev,monthly_revenue_change,hard,month,correct_key_fact,0,October 2011,6,27,33,6.1e-05,0.000666,0.002163,0.999893,0.999636,0.000107,0.000364,-0.947656,0.947656,3.07266,6.1861,6.1e-05,0.000206,6.1e-05,1.5e-05,-6.1e-05,-30.354167,-29.40651
ann_full100_draft_q_0058_004,q_0058,p_0058,dev,monthly_revenue_change,hard,currency_amount,correct_key_fact,0,"£1,069,368.23",13,36,49,7e-06,8.9e-05,0.000823,0.999991,0.999916,9.00000000004e-06,8.4e-05,0.019988,-0.019988,3.364631,8,6e-06,6.3e-05,7e-06,4e-06,-7e-06,-33.634615,-33.654603
ann_full100_draft_q_0058_005,q_0058,p_0058,dev,monthly_revenue_change,hard,currency_amount,correct_key_fact,0,"£51,771.55",10,54,64,0.018328,0.083978,0.470328,0.969349,0.808016,0.030651,0.191984,0.242918,-0.242918,2.345012,5.000113,0.018328,0.115549,0.017549,0.004446,-0.018328,-26.5375,-26.780418
ann_full100_draft_q_0058_006,q_0058,p_0058,dev,monthly_revenue_change,hard,percentage,correct_key_fact,0,5.03%,5,72,77,0.642482,0.978087,2.500725,0.54048,0.064762,0.45952,0.935238,0.609644,-0.609644,3.872919,9.777084,0.642495,2.304321,0.322349,0.185178,-0.642482,-21.7,-22.309644
ann_full100_draft_q_0064_001,q_0064,p_0064,test,top3_products_month,medium,month,correct_key_fact,0,April 2011,6,10,16,1.3e-05,0.000167,0.000906,0.999981,0.999896,1.9e-05,0.000104,-0.838878,0.838878,3.380545,9.158272,1.3e-05,7.2e-05,1.3e-05,8e-06,-1.3e-05,-34,-33.161122
ann_full100_draft_q_0064_002,q_0064,p_0064,test,top3_products_month,medium,ranking,correct_key_fact,0,1.,2,19,21,0.091102,0.26385,0.524372,0.844101,0.688838,0.155899,0.311162,-1.927334,1.927334,2.927675,4.855009,0.091103,0.181864,0.083312,0.010725,-0.091102,-27.125,-25.197666
ann_full100_draft_q_0064_003,q_0064,p_0064,test,top3_products_month,medium,product_name,correct_key_fact,0,REGENCY CAKESTAND 3 TIER,10,22,32,0.007326,0.042929,0.417706,0.990359,0.905666,0.009641,0.094334,0.236365,-0.236365,3.638654,6.875078,0.007327,0.072083,0.007072,0.004504,-0.007326,-30.5375,-30.773865
ann_full100_draft_q_0064_004,q_0064,p_0064,test,top3_products_month,medium,currency_amount,correct_key_fact,0,"GBP 14,280.90",11,43,54,0.076412,0.155575,1.160999,0.898634,0.200899,0.101366,0.799101,-0.02339,0.02339,2.365214,7.675621,0.076412,0.672203,0.058995,0.016624,-0.076412,-29.954545,-29.931155
ann_full100_draft_q_0064_005,q_0064,p_0064,test,top3_products_month,medium,ranking,correct_key_fact,0,2.,2,56,58,4e-06,5.6e-05,0.000106,0.999994,0.999988,5.99999999995e-06,1.2e-05,-1.937489,1.937489,1.937489,2,4e-06,8e-06,4e-06,1e-06,-4e-06,-30.5,-28.562511
ann_full100_draft_q_0064_006,q_0064,p_0064,test,top3_products_month,medium,product_name,correct_key_fact,0,PARTY BUNTING,5,59,64,0.207468,0.189533,0.93747,0.845613,0.230172,0.154387,0.769828,0.650313,-0.650313,2.099693,6.875015,0.207468,1.036179,0.083236,0.012085,-0.207468,-29.25,-29.900313
ann_full100_draft_q_0064_007,q_0064,p_0064,test,top3_products_month,medium,currency_amount,correct_key_fact,0,"GBP 10,323.87",11,75,86,3e-06,4.1e-05,0.000202,0.999995,0.999975,5.00000000003e-06,2.50000000001e-05,-0.443179,0.443179,2.511363,7.124989,3e-06,1.5e-05,3e-06,1e-06,-3e-06,-34.852273,-34.409093
ann_full100_draft_q_0064_008,q_0064,p_0064,test,top3_products_month,medium,ranking,hallucinated_key_fact,1,3.,2,88,90,2e-06,3.6e-05,5.9e-05,0.999997,0.999994,2.99999999998e-06,5.99999999995e-06,-1.749996,1.749996,2.000004,3.75,2e-06,4e-06,2e-06,1e-06,-2e-06,-30.375,-28.625004
ann_full100_draft_q_0064_009,q_0064,p_0064,test,top3_products_month,medium,product_name,hallucinated_key_fact,1,WOODEN UNION JACK BUNTING,8,91,99,0.040009,0.1397,0.973681,0.952021,0.639188,0.047979,0.360812,0.471002,-0.471002,1.716722,4.500055,0.040009,0.302147,0.034819,0.021659,-0.040009,-28.90625,-29.377252
ann_full100_draft_q_0064_010,q_0064,p_0064,test,top3_products_month,medium,currency_amount,hallucinated_key_fact,1,"GBP 4,173.18",10,110,120,4e-06,5.9e-05,0.000143,0.999993,0.999981,6.99999999998e-06,1.9e-05,-0.912454,0.912454,3.187458,9.124577,5e-06,1.1e-05,4e-06,1e-06,-4e-06,-34.0875,-33.175046
ann_full100_draft_q_0076_001,q_0076,p_0076,dev,product_revenue_share_month,hard,month,correct_key_fact,0,April 2011,6,4,10,0.006045,0.028516,0.170913,0.988562,0.931393,0.011438,0.068607,-0.111552,0.111552,5.069887,10.794327,0.006045,0.036259,0.005937,0.000436,-0.006045,-32.583333,-32.471781
ann_full100_draft_q_0076_002,q_0076,p_0076,dev,product_revenue_share_month,hard,product_name,hallucinated_key_fact,1,PAPER BUNTING WHITE LACE,8,11,19,0.120651,0.285157,2.226541,0.907955,0.273433,0.092045,0.726567,0.757417,-0.757417,2.961873,8.250032,0.120653,0.959133,0.077856,0.063667,-0.120651,-27.75,-28.507417
ann_full100_draft_q_0076_003,q_0076,p_0076,dev,product_revenue_share_month,hard,currency_amount,hallucinated_key_fact,1,3512.24 GBP,8,22,30,0.044049,0.174519,0.665882,0.935456,0.640363,0.064544,0.359637,0.238545,-0.238545,3.451123,6.604549,0.04405,0.226431,0.040476,0.016407,-0.044049,-29.046875,-29.28542
ann_full100_draft_q_0076_004,q_0076,p_0076,dev,product_revenue_share_month,hard,currency_amount,hallucinated_key_fact,1,3579.69 GBP,8,39,47,0.128002,0.388945,1.750849,0.85241,0.368511,0.14759,0.631489,0.309562,-0.309562,3.456284,7.997452,0.128006,0.499159,0.103122,0.058654,-0.128002,-27.875,-28.184562
ann_full100_draft_q_0076_005,q_0076,p_0076,dev,product_revenue_share_month,hard,currency_amount,hallucinated_key_fact,1,-67.45 GBP,7,53,60,0.001088,0.009164,0.055704,0.998371,0.990117,0.001629,0.009883,-0.303336,0.303336,3.339103,5.374336,0.001088,0.006746,0.001084,0.00054,-0.001088,-30.25,-29.946664
ann_full100_draft_q_0076_006,q_0076,p_0076,dev,product_revenue_share_month,hard,percentage,hallucinated_key_fact,1,3.29%,5,70,75,1.485435,1.757944,2.33853,0.233228,0.030635,0.766772,0.969365,2.580037,-2.580037,3.53924,6.546324,1.485455,2.351992,0.622574,0.478376,-1.485435,-21.3,-23.880037
ann_full100_draft_q_0044_001,q_0044,p_0044,test,country_comparison_month,medium,month,correct_key_fact,0,April 2011,6,1,7,3.3e-05,0.000398,0.002324,0.999958,0.999758,4.2e-05,0.000242,0.083335,-0.083335,3.624999,7.874996,3.3e-05,0.000196,3.3e-05,2.5e-05,-3.3e-05,-35.375,-35.458335
ann_full100_draft_q_0044_002,q_0044,p_0044,test,country_comparison_month,medium,country,hallucinated_key_fact,1,Netherlands,1,9,10,0.071654,0.262657,0.262657,0.863422,0.863422,0.136578,0.136578,-0.188379,0.188379,0.188379,0.188379,0.071655,0.071655,0.069147,0.001717,-0.071654,-24.625,-24.436621
ann_full100_draft_q_0044_003,q_0044,p_0044,test,country_comparison_month,medium,comparison_direction,hallucinated_key_fact,1,generated more net revenue,4,10,14,0.131485,0.289285,0.818129,0.798425,0.292719,0.201575,0.707281,0.207068,-0.207068,5.212595,10.011053,0.131486,0.462263,0.10799,0.014405,-0.131485,-27.46875,-27.675818
ann_full100_draft_q_0044_004,q_0044,p_0044,test,country_comparison_month,medium,currency_amount,correct_key_fact,0,2976.56 GBP,8,15,23,0.025065,0.096631,0.394612,0.95611,0.733902,0.04389,0.266098,0.106842,-0.106842,2.055605,7.110678,0.025066,0.142906,0.02375,0.003611,-0.025065,-29.25,-29.356842
ann_full100_draft_q_0044_005,q_0044,p_0044,test,country_comparison_month,medium,currency_amount,correct_key_fact,0,7570.50 GBP,8,28,36,6.2e-05,0.000731,0.004828,0.999918,0.999471,8.2e-05,0.000529,-0.515245,0.515245,3.515255,8.997038,6.2e-05,0.00042,6.2e-05,4.2e-05,-6.2e-05,-32.421875,-31.90663
ann_full100_draft_q_0044_006,q_0044,p_0044,test,country_comparison_month,medium,currency_amount,hallucinated_key_fact,1,-4593.94 GBP,9,44,53,0.207519,0.611936,1.86571,0.799811,0.280337,0.200189,0.719663,0.433437,-0.433437,1.737168,4.017836,0.207529,0.813122,0.156382,0.112575,-0.207519,-23.097222,-23.530659
ann_full100_draft_q_0049_001,q_0049,p_0049,test,country_comparison_month,medium,month,correct_key_fact,0,September 2011,6,1,7,1.9e-05,0.000236,0.001374,0.999976,0.999859,2.4e-05,0.000141,0.041667,-0.041667,3.75,7.374998,1.8e-05,0.000111,1.9e-05,1.3e-05,-1.9e-05,-35.6875,-35.729167
ann_full100_draft_q_0049_002,q_0049,p_0049,test,country_comparison_month,medium,country,hallucinated_key_fact,1,Netherlands,1,9,10,0.090325,0.341228,0.341228,0.838639,0.838639,0.161361,0.161361,-0.219362,0.219362,0.219362,0.219362,0.090326,0.090326,0.086366,0.01137,-0.090325,-24.875,-24.655638
ann_full100_draft_q_0049_003,q_0049,p_0049,test,country_comparison_month,medium,comparison_direction,hallucinated_key_fact,1,generated more net revenue,4,10,14,0.046642,0.170747,0.476043,0.919311,0.725684,0.080689,0.274316,0.024489,-0.024489,5.115978,10.182978,0.046643,0.154167,0.043702,0.006715,-0.046642,-27.78125,-27.805739
ann_full100_draft_q_0049_004,q_0049,p_0049,test,country_comparison_month,medium,currency_amount,correct_key_fact,0,"26,937.26 GBP",10,15,25,0.038828,0.12919,0.62269,0.932466,0.670393,0.067534,0.329607,0.1915,-0.1915,3.05855,7.250103,0.038829,0.180601,0.035945,0.004356,-0.038828,-29.7,-29.8915
ann_full100_draft_q_0049_005,q_0049,p_0049,test,country_comparison_month,medium,currency_amount,correct_key_fact,0,"42,476.20 GBP",10,31,41,0.001858,0.009495,0.090296,0.99633,0.964013,0.00367,0.035987,-0.482533,0.482533,4.06117,8.968817,0.001858,0.018166,0.001841,1.2e-05,-0.001858,-33.2,-32.717467
ann_full100_draft_q_0049_006,q_0049,p_0049,test,country_comparison_month,medium,percentage,hallucinated_key_fact,1,24.5% difference,6,48,54,1.148502,1.629016,2.354663,0.355121,0,0.644879,1,1.520371,-1.520371,3.194089,5.774937,1.148517,2.223822,0.525561,0.406243,-1.148502,-21.979167,-23.499538
ann_full100_draft_q_0069_001,q_0069,p_0069,test,top3_products_month,medium,month,correct_key_fact,0,September 2011,6,10,16,8e-06,0.00011,0.000559,0.99999,0.999947,9.99999999995e-06,5.3e-05,-0.90651,0.90651,3.65651,8.689068,8e-06,4.2e-05,8e-06,6e-06,-8e-06,-33.875,-32.96849
ann_full100_draft_q_0069_002,q_0069,p_0069,test,top3_products_month,medium,ranking,hallucinated_key_fact,1,1.,2,19,21,0.110476,0.288001,0.573187,0.811262,0.623034,0.188738,0.376966,-2.248019,2.248019,3.123298,5.371317,0.110476,0.220675,0.09915,0.009562,-0.110476,-27.3125,-25.064481
ann_full100_draft_q_0069_003,q_0069,p_0069,test,top3_products_month,medium,product_name,hallucinated_key_fact,1,JUMBO BAG RED RETROSPOT,10,22,32,0.186508,0.201194,1.993385,0.926406,0.266623,0.073594,0.733377,0.518985,-0.518985,4.781084,10.375135,0.18651,1.863256,0.058004,0.042415,-0.186508,-29.8125,-30.331485
ann_full100_draft_q_0069_004,q_0069,p_0069,test,top3_products_month,medium,currency_amount,hallucinated_key_fact,1,GBP 8630.45,9,43,52,0.057111,0.147839,0.584146,0.904653,0.462032,0.095347,0.537968,-0.156853,0.156853,3.30547,8.768902,0.057111,0.313444,0.05078,0.006213,-0.057111,-29.986111,-29.829258
ann_full100_draft_q_0069_005,q_0069,p_0069,test,top3_products_month,medium,ranking,hallucinated_key_fact,1,2.,2,54,56,5e-06,7.9e-05,0.000147,0.999991,0.999984,9.00000000004e-06,1.6e-05,-2.124982,2.124982,2.124982,2.249964,6e-06,1.1e-05,5e-06,2e-06,-5e-06,-30.25,-28.125018
ann_full100_draft_q_0069_006,q_0069,p_0069,test,top3_products_month,medium,product_name,hallucinated_key_fact,1,PAPER CHAIN KIT 50'S CHRISTMAS,12,57,69,0.048632,0.12415,1.440459,0.947304,0.379237,0.052696,0.620763,0.521396,-0.521396,3.228693,7.374233,0.048633,0.577078,0.03708,0.021463,-0.048632,-29.875,-30.396396
ann_full100_draft_q_0069_007,q_0069,p_0069,test,top3_products_month,medium,currency_amount,hallucinated_key_fact,1,GBP 5997.25,9,80,89,9e-06,0.000111,0.000544,0.999987,0.999927,1.3e-05,7.3e-05,-0.402773,0.402773,2.84722,6.125004,8e-06,4.6e-05,9e-06,4e-06,-9e-06,-33.25,-32.847227
ann_full100_draft_q_0069_008,q_0069,p_0069,test,top3_products_month,medium,ranking,hallucinated_key_fact,1,3.,2,91,93,3e-06,4.8e-05,7.9e-05,0.999996,0.999993,4e-06,6.99999999998e-06,-1.68749,1.68749,1.68749,3.25,3e-06,6e-06,3e-06,2e-06,-3e-06,-30,-28.31251
ann_full100_draft_q_0069_009,q_0069,p_0069,test,top3_products_month,medium,product_name,hallucinated_key_fact,1,REGENCY CAKESTAND 3 TIER,10,94,104,0.05803,0.104471,1.040278,0.91745,0.175102,0.08255,0.824898,0.662548,-0.662548,3.012506,8.125248,0.058031,0.57992,0.044044,0.005539,-0.05803,-30.8625,-31.525048
ann_full100_draft_q_0069_010,q_0069,p_0069,test,top3_products_month,medium,currency_amount,hallucinated_key_fact,1,GBP 9315.03,9,115,124,4e-06,5.9e-05,0.000243,0.999993,0.999968,6.99999999998e-06,3.2e-05,-0.930468,0.930468,3.263802,5.874994,4e-06,1.9e-05,4e-06,2e-06,-4e-06,-34.069444,-33.138976
ann_full100_draft_q_0081_001,q_0081,p_0081,dev,product_revenue_share_month,hard,month,correct_key_fact,0,September 2011,6,7,13,8e-06,0.000105,0.00054,0.99999,0.999947,9.99999999995e-06,5.3e-05,-1.322811,1.322811,4.864477,11.811871,8e-06,4e-05,8e-06,5e-06,-8e-06,-34.5,-33.177189
ann_full100_draft_q_0081_002,q_0081,p_0081,dev,product_revenue_share_month,hard,percentage,hallucinated_key_fact,1,25.5%,5,19,24,1.47256,1.827802,2.297263,0.280708,0.017158,0.719292,0.982842,2.274828,-2.274828,4.00523,5.795034,1.47257,2.496658,0.586744,0.454197,-1.47256,-22.15,-24.424828
ann_full100_draft_q_0081_003,q_0081,p_0081,dev,product_revenue_share_month,hard,currency_amount,hallucinated_key_fact,1,6113.70,7,26,33,0.093164,0.29953,1.786688,0.903957,0.447926,0.096043,0.552074,0.133047,-0.133047,2.029131,4.636982,0.093165,0.583847,0.072631,0.049219,-0.093164,-27.910714,-28.043761
ann_full100_draft_q_0081_004,q_0081,p_0081,dev,product_revenue_share_month,hard,currency_amount,correct_key_fact,0,"1,011,358.16",12,35,47,0.01498,0.043502,0.429209,0.972235,0.703069,0.027765,0.296931,-0.371309,0.371309,2.996322,8.349056,0.01498,0.161413,0.013937,0.00011,-0.01498,-31.958333,-31.587024
ann_full100_draft_q_0086_001,q_0086,p_0086,dev,product_revenue_share_month,hard,month,correct_key_fact,0,June 2011,6,6,12,0.017644,0.060552,0.362498,0.96745,0.804783,0.03255,0.195217,0.0681,-0.0681,5.098583,8.25,0.017644,0.105808,0.016743,0.000937,-0.017644,-32.479167,-32.547266
ann_full100_draft_q_0086_002,q_0086,p_0086,dev,product_revenue_share_month,hard,percentage,hallucinated_key_fact,1,63.15%,6,14,20,0.421553,1.047041,2.047475,0.555928,0.272233,0.444072,0.727767,0.704575,-0.704575,2.239883,5.245611,0.421559,1.009642,0.316338,0.188603,-0.421553,-23.5,-24.204575
ann_full100_draft_q_0086_003,q_0086,p_0086,dev,product_revenue_share_month,hard,currency_amount,hallucinated_key_fact,1,6311.68,7,32,39,0.057349,0.244424,1.43243,0.934968,0.643521,0.065032,0.356479,0.223463,-0.223463,3.562849,10.24403,0.057351,0.343184,0.049601,0.034169,-0.057349,-28.589286,-28.812749
ann_full100_draft_q_0086_004,q_0086,p_0086,dev,product_revenue_share_month,hard,currency_amount,correct_key_fact,0,9453.64,7,41,48,0.010958,0.042644,0.297532,0.979863,0.85913,0.020137,0.14087,0.072323,-0.072323,3.534834,7.743811,0.010959,0.076637,0.010549,0.000962,-0.010958,-32.053571,-32.125895
ann_full100_draft_q_0086_005,q_0086,p_0086,dev,product_revenue_share_month,hard,currency_amount,correct_key_fact,0,39619.50,8,50,58,0.000121,0.00122,0.007843,0.999815,0.998816,0.000185,0.001184,-0.274739,0.274739,2.431014,5.073076,0.000121,0.000805,0.000121,5.7e-05,-0.000121,-30.796875,-30.522136
ann_full100_draft_q_0086_006,q_0086,p_0086,dev,product_revenue_share_month,hard,currency_amount,hallucinated_key_fact,1,"45,964.82 GBP",10,60,70,0.246103,0.510472,1.194354,0.738441,0.260609,0.261559,0.739391,0.241378,-0.241378,2.387428,7.150625,0.246108,1.203472,0.155495,0.049431,-0.246103,-23.5625,-23.803878
ann_full100_draft_q_0086_007,q_0086,p_0086,dev,product_revenue_share_month,hard,currency_amount,hallucinated_key_fact,1,"45,964.82",9,74,83,0.109138,0.166203,1.20191,0.877212,0,0.122788,1,0.167282,-0.167282,2.666615,5.80859,0.109139,0.918118,0.073668,0.024548,-0.109138,-28.444444,-28.611727
ann_full100_draft_q_0086_008,q_0086,p_0086,dev,product_revenue_share_month,hard,currency_amount,correct_key_fact,0,"723,970.15",10,85,95,0.000253,0.001938,0.015595,0.999506,0.995632,0.000494,0.004368,-0.383843,0.383843,2.833848,6.090914,0.000252,0.002188,0.000252,1.1e-05,-0.000253,-32.5125,-32.128657
ann_full100_draft_q_0086_009,q_0086,p_0086,dev,product_revenue_share_month,hard,percentage,hallucinated_key_fact,1,63.15%,6,98,104,0.00338,0.025816,0.053659,0.994701,0.990207,0.005299,0.009793,0.199994,-0.199994,2.470756,5.37561,0.00338,0.007029,0.003372,0.001445,-0.00338,-28.3125,-28.512494
ann_full100_draft_q_0087_001,q_0087,p_0087,test,product_revenue_share_month,hard,month,correct_key_fact,0,September 2011,6,6,12,0.01256,0.052912,0.317093,0.978019,0.868147,0.021981,0.131853,0.129493,-0.129493,4.870513,8.473066,0.01256,0.075335,0.012098,0.002215,-0.01256,-32.229167,-32.35866
ann_full100_draft_q_0087_002,q_0087,p_0087,test,product_revenue_share_month,hard,percentage,hallucinated_key_fact,1,10.6%,5,14,19,1.651986,1.750756,2.338544,0.318436,0.015367,0.681564,0.984633,2.573427,-2.573427,4.759729,6.267199,1.651995,2.416876,0.583548,0.485532,-1.651986,-21.775,-24.348427
ann_full100_draft_q_0087_003,q_0087,p_0087,test,product_revenue_share_month,hard,currency_amount,hallucinated_key_fact,1,6229.79,7,36,43,0.168143,0.194583,0.958486,0.882891,0.289116,0.117109,0.710884,0.405589,-0.405589,2.152211,5.23823,0.168144,1.099655,0.064664,0.01222,-0.168143,-27.571429,-27.977018
ann_full100_draft_q_0087_004,q_0087,p_0087,test,product_revenue_share_month,hard,currency_amount,hallucinated_key_fact,1,5997.25,7,45,52,0.000902,0.005816,0.039021,0.99825,0.987926,0.00175,0.012074,-0.124974,0.124974,2.482125,6.749943,0.000902,0.006184,0.000899,4.8e-05,-0.000902,-32.339286,-32.214312
ann_full100_draft_q_0087_005,q_0087,p_0087,test,product_revenue_share_month,hard,currency_amount,hallucinated_key_fact,1,6113.70,7,54,61,3.6e-05,0.000437,0.001824,0.999949,0.999773,5.1e-05,0.000227,-0.470957,0.470957,3.220962,4.999969,3.7e-05,0.000162,3.6e-05,2.2e-05,-3.6e-05,-32.517857,-32.0469
ann_full100_draft_q_0087_006,q_0087,p_0087,test,product_revenue_share_month,hard,currency_amount,hallucinated_key_fact,1,"GBP 18,730.74",11,62,73,0.162531,0.351961,1.197361,0.780697,0,0.219303,1,0.253737,-0.253737,3.380898,5.489462,0.162532,0.864462,0.126028,0.032753,-0.162531,-26.431818,-26.685555
ann_full100_draft_q_0087_007,q_0087,p_0087,test,product_revenue_share_month,hard,currency_amount,correct_key_fact,0,"GBP 1,011,358.16",14,78,92,0.000439,0.003159,0.042286,0.999228,0.989407,0.000772,0.010593,-0.241317,0.241317,3.277039,10.003576,0.000439,0.006008,0.000438,0.000104,-0.000439,-32.348214,-32.106898
ann_full100_draft_q_0097_001,q_0097,p_0097,dev,return_impact_month,hard,month,correct_key_fact,0,August 2011,6,1,7,0.000431,0.00311,0.018636,0.999157,0.994945,0.000843,0.005055,-0.083333,0.083333,4.208333,7.874996,0.000431,0.002586,0.000431,1.8e-05,-0.000431,-36,-35.916667
ann_full100_draft_q_0097_002,q_0097,p_0097,dev,return_impact_month,hard,currency_amount,correct_key_fact,0,"£54,330.80",10,17,27,0.140679,0.141621,1.107049,0.922036,0.286778,0.077964,0.713222,0.299338,-0.299338,3.058273,5.375141,0.140679,1.359695,0.050295,0.022627,-0.140679,-28.75,-29.049338
ann_full100_draft_q_0097_003,q_0097,p_0097,dev,return_impact_month,hard,currency_amount,correct_key_fact,0,"£703,510.58",11,34,45,0.009351,0.04876,0.341365,0.985663,0.899182,0.014337,0.100818,0.176606,-0.176606,3.408621,11.401701,0.009351,0.071453,0.009105,0.003873,-0.009351,-29.102273,-29.278879
ann_full100_draft_q_0098_001,q_0098,p_0098,test,return_impact_month,hard,month,correct_key_fact,0,September 2011,6,1,7,0.000387,0.002872,0.017216,0.999249,0.995498,0.000751,0.004502,0.125,-0.125,3.916666,7.624998,0.000387,0.002323,0.000387,2.3e-05,-0.000387,-35.625,-35.75
ann_full100_draft_q_0098_002,q_0098,p_0098,test,return_impact_month,hard,currency_amount,correct_key_fact,0,"GBP 38,838.51",11,17,28,0.057733,0.129517,1.069946,0.927558,0.299083,0.072442,0.700917,0.189322,-0.189322,1.458936,3.984842,0.057733,0.567682,0.045322,0.018201,-0.057733,-28.545455,-28.734776
ann_full100_draft_q_0098_003,q_0098,p_0098,test,return_impact_month,hard,currency_amount,hallucinated_key_fact,1,"GBP 101,759.68",12,35,47,0.060618,0.134614,0.871504,0.90714,0.227892,0.09286,0.772108,0.02349,-0.02349,2.681319,6.444633,0.060618,0.546131,0.049706,0.006552,-0.060618,-28.1875,-28.21099
